{
  "properties": {
    "title": "International sales"
  },
  "data": [{
    "_total": 152916.55555556,
    "_values": {
      "USA": {
        "_total": 152916.55555556,
        "_values": {
          "US-NY": {
            "_total": 54831.333333333
          },
          "US-CA": {
            "_total": 98085.222222222
          }
        }
      }
    }
  }]
}
